id,ticker,yahoo,currency,market_cap_local,fx_usd,market_cap_usd_b,llm_usd_b,ratio,status,fetched
allianz,ETR:ALV,ALV.DE,EUR,168592747015,1.1543345,194.612,160,1.22,ok,2026-09-15
axa,EPA:CS,CS.PA,EUR,91309677501,1.1543345,105.402,95,1.11,ok,2026-09-15
hanwha-life,KRX:088350,088350.KS,KRW,4515855402500,0.00073867792,3.336,2,1.67,ok,2026-09-15
hyundai-marine,KRX:001450,001450.KS,KRW,3913874475000,0.00073867792,2.891,1.6,1.81,ok,2026-09-15
ping-an,HKEX:2318,2318.HK,HKD,968758846732,0.12750483,123.521,130,0.95,ok,2026-09-15
samsung-fire,KRX:000810,000810.KS,KRW,29461067172000,0.00073867792,21.762,14,1.55,ok,2026-09-15
samsung-life,KRX:032830,032830.KS,KRW,51897111131000,0.00073867792,38.335,20,1.92,ok,2026-09-15
coinbase,NASDAQ:COIN,COIN,USD,50511578103,1,50.512,70,0.72,ok,2026-09-15
bank-of-america,NYSE:BAC,BAC,USD,415858753803,1,415.859,380,1.09,ok,2026-09-15
barclays,LSE:BARC,BARC.L,GBp,6415899617853,0.013489269,86.546,60,1.44,ok,2026-09-15
bnp-paribas,EPA:BNP,BNP.PA,EUR,112668800000,1.1543345,130.057,100,1.30,ok,2026-09-15
citi,NYSE:C,C,USD,228433328823,1,228.433,180,1.27,ok,2026-09-15
deutsche-bank,ETR:DBK,DBK.DE,EUR,64167850000,1.1543345,74.071,65,1.14,ok,2026-09-15
hana-financial-group,KRX:086790,086790.KS,KRW,37263710163900,0.00073867792,27.526,18,1.53,ok,2026-09-15
hsbc,LSE:HSBA,HSBA.L,GBp,26315901092613,0.013489269,354.982,220,1.61,ok,2026-09-15
ibk,KRX:024110,024110.KS,KRW,16347230273500,0.00073867792,12.075,10,1.21,ok,2026-09-15
icbc,SSE:601398,601398.SS,CNY,2901147055067,0.14930722,433.162,300,1.44,ok,2026-09-15
jpmorgan-chase,NYSE:JPM,JPM,USD,930710745435,1,930.711,820,1.14,ok,2026-09-15
kakaobank,KRX:323410,323410.KS,KRW,10149004893900,0.00073867792,7.497,8,0.94,ok,2026-09-15
kb-financial-group,KRX:105560,105560.KS,KRW,62356445313600,0.00073867792,46.061,32,1.44,ok,2026-09-15
mufg,TSE:8306,8306.T,JPY,41522516192262,0.0064614508,268.296,170,1.58,ok,2026-09-15
nubank,NYSE:NU,NU,USD,69610222839,1,69.610,75,0.93,ok,2026-09-15
shinhan-financial-group,KRX:055550,055550.KS,KRW,52953986846400,0.00073867792,39.116,25,1.56,ok,2026-09-15
ubs,SIX:UBSG,UBSG.SW,CHF,142027297756,1.2227629,173.666,120,1.45,ok,2026-09-15
wells-fargo,NYSE:WFC,WFC,USD,268258978328,1,268.259,270,0.99,ok,2026-09-15
woori-financial-group,KRX:316140,316140.KS,KRW,26817067076800,0.00073867792,19.809,12,1.65,ok,2026-09-15
blackrock,NYSE:BLK,BLK,USD,165028678609,1,165.029,170,0.97,ok,2026-09-15
charles-schwab,NYSE:SCHW,SCHW,USD,185575011247,1,185.575,170,1.09,ok,2026-09-15
goldman-sachs,NYSE:GS,GS,USD,287808381792,1,287.808,240,1.20,ok,2026-09-15
kiwoom-securities,KRX:039490,039490.KS,KRW,7017039314000,0.00073867792,5.183,4,1.30,ok,2026-09-15
mirae-asset-securities,KRX:006800,006800.KS,KRW,19053749602750,0.00073867792,14.075,8,1.76,ok,2026-09-15
morgan-stanley,NYSE:MS,MS,USD,324447587477,1,324.448,240,1.35,ok,2026-09-15
robinhood,NASDAQ:HOOD,HOOD,USD,102792077918,1,102.792,90,1.14,ok,2026-09-15
samsung-securities,KRX:016360,016360.KS,KRW,7760170000000,0.00073867792,5.732,3.5,1.64,ok,2026-09-15
american-express,NYSE:AXP,AXP,USD,221353056236,1,221.353,230,0.96,ok,2026-09-15
kakaopay,KRX:377300,377300.KS,KRW,6303587825000,0.00073867792,4.656,4,1.16,ok,2026-09-15
klarna,NYSE:KLAR,KLAR,USD,5403030940,1,5.403,12,0.45,ok,2026-09-15
mastercard,NYSE:MA,MA,USD,503197614764,1,503.198,520,0.97,ok,2026-09-15
paypal,NASDAQ:PYPL,PYPL,USD,46220549978,1,46.221,65,0.71,ok,2026-09-15
samsung-card,KRX:029780,029780.KS,KRW,4855336622500,0.00073867792,3.587,3.5,1.02,ok,2026-09-15
visa,NYSE:V,V,USD,700665493078,1,700.665,680,1.03,ok,2026-09-15
wise,LSE:WISE,WISE.L,GBp,875322438806,0.013489269,11.807,13,0.91,ok,2026-09-15
korea-investment-group,KRX:071050,071050.KS,KRW,10030865172600,0.00073867792,7.410,6,1.23,ok,2026-09-15
3m,NYSE:MMM,MMM,USD,83557348206,1,83.557,80,1.04,ok,2026-09-15
ayala-corporation,PSE:AC,,,,,,6,,not_found,2026-09-15
berkshire-hathaway,NYSE:BRK.A,BRK-A,USD,1101423837800,1,1101.424,1050,1.05,ok,2026-09-15
bollore,EPA:BOL,BOL.PA,EUR,10368102229,1.1543345,11.968,17,0.70,ok,2026-09-15
ck-hutchison,HKEX:0001,0001.HK,HKD,259102516269,0.12750483,33.037,25,1.32,ok,2026-09-15
fosun-group,HKEX:0656,0656.HK,HKD,40796645251,0.12750483,5.202,5,1.04,ok,2026-09-15
general-electric,NYSE:GE,GE,USD,329488349095,1,329.488,300,1.10,ok,2026-09-15
hitachi,TSE:6501,6501.T,JPY,23477355836785,0.0064614508,151.698,130,1.17,ok,2026-09-15
honeywell,NASDAQ:HON,HON,USD,63825380761,1,63.825,140,0.46,ok,2026-09-15
investor-ab,STO:INVE-B,INVE-B.ST,SEK,1222654863309,0.10236504,125.157,95,1.32,ok,2026-09-15
jardine-matheson,SGX:J36,J36.SI,USD,16786593355,1,16.787,15,1.12,ok,2026-09-15
koc-holding,IST:KCHOL,KCHOL.IS,TRY,571644208162,0.020569615,11.759,12,0.98,ok,2026-09-15
reliance,NSE:RELIANCE,RELIANCE.NS,INR,17017084338512,0.01046682,178.115,220,0.81,ok,2026-09-15
siemens,ETR:SIE,SIE.DE,EUR,204273167036,1.1543345,235.800,220,1.07,ok,2026-09-15
softbank-group,TSE:9984,9984.T,JPY,36313541822772,0.0064614508,234.638,160,1.47,ok,2026-09-15
adm,NYSE:ADM,ADM,USD,41660323371,1,41.660,25,1.67,ok,2026-09-15
bunge,NYSE:BG,BG,USD,23290601926,1,23.291,17,1.37,ok,2026-09-15
olam,SGX:VC2,VC2.SI,SGD,3810795903,0.78641701,2.997,2.5,1.20,ok,2026-09-15
wilmar,SGX:F34,F34.SI,SGD,23101906585,0.78641701,18.168,15,1.21,ok,2026-09-15
barry-callebaut,SWX:BARN,BARN.SW,CHF,6041936502,1.2227629,7.388,7,1.06,ok,2026-09-15
dsm-firmenich,AMS:DSFIR,DSFIR.AS,EUR,22321865589,1.1543345,25.767,25,1.03,ok,2026-09-15
givaudan,SWX:GIVN,GIVN.SW,CHF,29595602302,1.2227629,36.188,40,0.90,ok,2026-09-15
iff,NYSE:IFF,IFF,USD,21299968830,1,21.300,18,1.18,ok,2026-09-15
ingredion,NYSE:INGR,INGR,USD,6220000076,1,6.220,8,0.78,ok,2026-09-15
kerry-group,ISE:KRZ,KRZ.IR,EUR,13405796785,1.1543345,15.475,16,0.97,ok,2026-09-15
novonesis,CPH:NSIS.B,NSIS-B.CO,DKK,200206317522,0.15433456,30.899,30,1.03,ok,2026-09-15
symrise,ETR:SY1,SY1.DE,EUR,12104778995,1.1543345,13.973,13,1.07,ok,2026-09-15
tate-lyle,LON:TATE,TATE.L,GBp,247393622580,0.013489269,3.337,3,1.11,ok,2026-09-15
harim,KRX:136480,136480.KQ,KRW,282988840030,0.00073867792,0.209,0.2,1.05,ok,2026-09-15
hormel,NYSE:HRL,HRL,USD,11535352264,1,11.535,13,0.89,ok,2026-09-15
jbs,NYSE:JBS,JBS,USD,41149940565,1,41.150,16,2.57,ok,2026-09-15
pilgrims-pride,NASDAQ:PPC,PPC,USD,7202782851,1,7.203,10,0.72,ok,2026-09-15
smithfield,NASDAQ:SFD,SFD,USD,7997416313,1,7.997,9,0.89,ok,2026-09-15
tyson,NYSE:TSN,TSN,USD,18701768324,1,18.702,20,0.94,ok,2026-09-15
wh-group,HKG:0288,0288.HK,HKD,81920954763,0.12750483,10.445,12,0.87,ok,2026-09-15
corteva,NYSE:CTVA,CTVA,USD,55070358451,1,55.070,50,1.10,ok,2026-09-15
kws,ETR:KWS,KWS.DE,EUR,2564100000,1.1543345,2.960,2.2,1.35,ok,2026-09-15
mosaic,NYSE:MOS,MOS,USD,7963285690,1,7.963,10,0.80,ok,2026-09-15
nongwoo-bio,KOSDAQ:054050,054050.KQ,KRW,112855149440,0.00073867792,0.083,0.1,0.83,ok,2026-09-15
nutrien,NYSE:NTR,NTR,USD,36745175698,1,36.745,27,1.36,ok,2026-09-15
yara,OSL:YAR,YAR.OL,NOK,117403041945,0.10718746,12.584,9,1.40,ok,2026-09-15
dsv,CPH:DSV,DSV.CO,DKK,306465046670,0.15438865,47.315,50,0.95,ok,2026-09-15
hyundai-glovis,KRX:086280,086280.KS,KRW,15337500000000,0.00073867792,11.329,7,1.62,ok,2026-09-15
kuehne-nagel,SWX:KNIN,KNIN.SW,CHF,25675927999,1.2227629,31.396,25,1.26,ok,2026-09-15
cj-logistics,KRX:000120,000120.KS,KRW,1444027339600,0.00073867792,1.067,1.2,0.89,ok,2026-09-15
dhl,ETR:DHL,DHL.DE,EUR,62498542466,1.1543345,72.144,55,1.31,ok,2026-09-15
fedex,NYSE:FDX,FDX,USD,73976079601,1,73.976,60,1.23,ok,2026-09-15
hanjin,KRX:002320,002320.KS,KRW,219135932550,0.00073867792,0.162,0.2,0.81,ok,2026-09-15
sf-express,SZSE:002352,002352.SZ,CNY,163435167562,0.14930722,24.402,28,0.87,ok,2026-09-15
ups,NYSE:UPS,UPS,USD,87171080113,1,87.171,75,1.16,ok,2026-09-15
cosco-shipping,HKG:1919,1919.HK,HKD,247796291027,0.12750483,31.595,30,1.05,ok,2026-09-15
evergreen-marine,TPE:2603,2603.TW,TWD,503372497500,0.031453464,15.833,15,1.06,ok,2026-09-15
hapag-lloyd,ETR:HLAG,HLAG.DE,EUR,23991279994,1.1543345,27.694,28,0.99,ok,2026-09-15
hmm,KRX:011200,011200.KS,KRW,19572187877500,0.00073867792,14.458,13,1.11,ok,2026-09-15
maersk,CPH:MAERSK.B,MAERSK-B.CO,DKK,335368356960,0.15433456,51.759,30,1.73,ok,2026-09-15
pan-ocean,KRX:028670,028670.KS,KRW,3068428998880,0.00073867792,2.267,1.3,1.74,ok,2026-09-15
estee-lauder,NYSE:EL,EL,USD,35535496993,1,35.535,30,1.18,ok,2026-09-15
ulta-beauty,NASDAQ:ULTA,ULTA,USD,23458887508,1,23.459,22,1.07,ok,2026-09-15
colgate-palmolive,NYSE:CL,CL,USD,70063519454,1,70.064,70,1.00,ok,2026-09-15
kao,TSE:4452,4452.T,JPY,3123224595288,0.0064614508,20.181,20,1.01,ok,2026-09-15
kimberly-clark,NASDAQ:KMB,KMB,USD,32955255657,1,32.955,40,0.82,ok,2026-09-15
pg,NYSE:PG,PG,USD,339669414408,1,339.669,370,0.92,ok,2026-09-15
reckitt,LON:RKT,RKT.L,GBp,3248274846720,0.013489269,43.817,45,0.97,ok,2026-09-15
unilever,LON:ULVR,ULVR.L,GBp,10113884558932,0.013489269,136.429,150,0.91,ok,2026-09-15
amorepacific,KRX:090430,090430.KS,KRW,10049523211800,0.00073867792,7.423,6,1.24,ok,2026-09-15
apr,KRX:278470,278470.KS,KRW,13590050265000,0.00073867792,10.039,6,1.67,ok,2026-09-15
beiersdorf,ETR:BEI,BEI.DE,EUR,16336836223,1.1543345,18.858,27,0.70,ok,2026-09-15
cosmax,KRX:192820,192820.KS,KRW,3148421205000,0.00073867792,2.326,1.5,1.55,ok,2026-09-15
kolmar-korea,KRX:161890,161890.KS,KRW,3432178195800,0.00073867792,2.535,1.3,1.95,ok,2026-09-15
lg-hh,KRX:051900,051900.KS,KRW,4507883580000,0.00073867792,3.330,3,1.11,ok,2026-09-15
loreal,EPA:OR,OR.PA,EUR,204547774177,1.1543345,236.117,230,1.03,ok,2026-09-15
shiseido,TSE:4911,4911.T,JPY,1401882261896,0.0064614508,9.058,7,1.29,ok,2026-09-15
coty,NYSE:COTY,COTY,USD,2394868737,1,2.395,5,0.48,ok,2026-09-15
puig,BME:PUIG,PUIG.MC,EUR,9851979091,1.1543345,11.372,11,1.03,ok,2026-09-15
aekyung,KRX:018250,018250.KS,KRW,286943349520,0.00073867792,0.212,0.2,1.06,ok,2026-09-15
daewoo-enc,KRX:047040,047040.KS,KRW,7847917252000,0.00073867792,5.797,0.9,6.44,check,2026-09-15
dl-enc,KRX:375500,375500.KS,KRW,3463313787500,0.00073867792,2.558,1.2,2.13,ok,2026-09-15
gs-enc,KRX:006360,006360.KS,KRW,3213044675750,0.00073867792,2.373,1.2,1.98,ok,2026-09-15
hdc-hyundai-development,KRX:294870,294870.KS,KRW,1533593155500,0.00073867792,1.133,1.1,1.03,ok,2026-09-15
hyundai-enc,KRX:000720,000720.KS,KRW,14366056532400,0.00073867792,10.612,4.5,2.36,ok,2026-09-15
samsung-ct,KRX:028260,028260.KS,KRW,57681397777500,0.00073867792,42.608,25,1.70,ok,2026-09-15
vinci,EPA:DG,DG.PA,EUR,61207275043,1.1543345,70.654,75,0.94,ok,2026-09-15
caterpillar,NYSE:CAT,CAT,USD,360385112976,1,360.385,250,1.44,ok,2026-09-15
daedong,KRX:000490,000490.KS,KRW,228977881020,0.00073867792,0.169,0.2,0.85,ok,2026-09-15
doosan-bobcat,KRX:241560,241560.KS,KRW,5809827781400,0.00073867792,4.292,3.5,1.23,ok,2026-09-15
hyundai-elevator,KRX:017800,017800.KS,KRW,2653722057000,0.00073867792,1.960,1.5,1.31,ok,2026-09-15
john-deere,NYSE:DE,DE,USD,183738939186,1,183.739,130,1.41,ok,2026-09-15
komatsu,TSE:6301,6301.T,JPY,6289362430964,0.0064614508,40.638,32,1.27,ok,2026-09-15
kubota,TSE:6326,6326.T,JPY,3130807828672,0.0064614508,20.230,15,1.35,ok,2026-09-15
otis,NYSE:OTIS,OTIS,USD,26715374327,1,26.715,36,0.74,ok,2026-09-15
sany,SHA:600031,600031.SS,CNY,181509385482,0.14930722,27.101,24,1.13,ok,2026-09-15
keyang,KRX:012200,012200.KS,KRW,108463757680,0.00073867792,0.080,0.1,0.80,ok,2026-09-15
makita,TSE:6586,6586.T,JPY,1357330870296,0.0064614508,8.770,9,0.97,ok,2026-09-15
snap-on,NYSE:SNA,SNA,USD,19541472842,1,19.541,17,1.15,ok,2026-09-15
stanley-black-decker,NYSE:SWK,SWK,USD,13423869126,1,13.424,11,1.22,ok,2026-09-15
techtronic-industries,HKG:0669,0669.HK,HKD,237300197036,0.12750483,30.257,22,1.38,ok,2026-09-15
abb,SWX:ABBN,ABBN.SW,CHF,136641748767,1.2227629,167.080,130,1.29,ok,2026-09-15
doosan-robotics,KRX:454910,454910.KS,KRW,4576290588000,0.00073867792,3.380,2.5,1.35,ok,2026-09-15
fanuc,TSE:6954,6954.T,JPY,5378214218824,0.0064614508,34.751,30,1.16,ok,2026-09-15
keyence,TSE:6861,6861.T,JPY,18499817374080,0.0064614508,119.536,90,1.33,ok,2026-09-15
yaskawa,TSE:6506,6506.T,JPY,1125656942060,0.0064614508,7.273,6.5,1.12,ok,2026-09-15
doosan-enerbility,KRX:034020,034020.KS,KRW,55157162193400,0.00073867792,40.743,30,1.36,ok,2026-09-15
hanwha-ocean,KRX:042660,042660.KS,KRW,25550241103800,0.00073867792,18.873,22,0.86,ok,2026-09-15
hd-hyundai-heavy,KRX:329180,329180.KS,KRW,47718178976500,0.00073867792,35.248,27,1.31,ok,2026-09-15
hd-ksoe,KRX:009540,009540.KS,KRW,24184403460000,0.00073867792,17.864,15,1.19,ok,2026-09-15
kawasaki-heavy,TSE:7012,7012.T,JPY,2023634944372,0.0064614508,13.076,13,1.01,ok,2026-09-15
mitsubishi-heavy,TSE:7011,7011.T,JPY,12321887649780,0.0064614508,79.617,90,0.88,ok,2026-09-15
samsung-heavy,KRX:010140,010140.KS,KRW,18001220017200,0.00073867792,13.297,13,1.02,ok,2026-09-15
airbus,EPA:AIR,AIR.PA,EUR,154338695355,1.1543345,178.158,180,0.99,ok,2026-09-15
bae-systems,LON:BA,BA.L,GBp,5680876560780,0.013489269,76.631,70,1.09,ok,2026-09-15
boeing,NYSE:BA,BA,USD,166191107482,1,166.191,160,1.04,ok,2026-09-15
bombardier,TSX:BBD.B,BBD-B.TO,CAD,30485762421,0.71866965,21.909,14,1.56,ok,2026-09-15
dassault-aviation,EPA:AM,AM.PA,EUR,21819826795,1.1543345,25.187,25,1.01,ok,2026-09-15
embraer,NYSE:ERJ,EMBJ,USD,13346867625,1,13.347,10,1.33,ok,2026-09-15
ge-aerospace,NYSE:GE,GE,USD,329488349095,1,329.488,300,1.10,ok,2026-09-15
hanwha-aerospace,KRX:012450,012450.KS,KRW,54484266492000,0.00073867792,40.246,35,1.15,ok,2026-09-15
hanwha-systems,KRX:272210,272210.KS,KRW,13183024900500,0.00073867792,9.738,6,1.62,ok,2026-09-15
hyundai-rotem,KRX:064350,064350.KS,KRW,13315359746000,0.00073867792,9.836,15,0.66,ok,2026-09-15
kai,KRX:047810,047810.KS,KRW,12720501463500,0.00073867792,9.396,6.5,1.45,ok,2026-09-15
lig-nex1,KRX:079550,079550.KS,KRW,14439710250000,0.00073867792,10.666,7,1.52,ok,2026-09-15
lockheed-martin,NYSE:LMT,LMT,USD,122176009950,1,122.176,110,1.11,ok,2026-09-15
northrop-grumman,NYSE:NOC,NOC,USD,74922621363,1,74.923,85,0.88,ok,2026-09-15
rheinmetall,ETR:RHM,RHM.DE,EUR,46514058392,1.1543345,53.693,90,0.60,ok,2026-09-15
rocket-lab,NASDAQ:RKLB,RKLB,USD,39995156874,1,39.995,25,1.60,ok,2026-09-15
rolls-royce-holdings,LON:RR,RR.L,GBp,11733989338676,0.013489269,158.283,120,1.32,ok,2026-09-15
rtx,NYSE:RTX,RTX,USD,263271070913,1,263.271,220,1.20,ok,2026-09-15
saab,STO:SAAB-B,SAAB-B.ST,SEK,309292522229,0.10236504,31.661,25,1.27,ok,2026-09-15
safran,EPA:SAF,SAF.PA,EUR,133263492370,1.1543345,153.831,140,1.10,ok,2026-09-15
ace-bed,KRX:003800,003800.KQ,KRW,341517170750,0.00073867792,0.252,0.3,0.84,ok,2026-09-15
fursys,KRX:016800,016800.KS,KRW,244306389600,0.00073867792,0.180,0.25,0.72,ok,2026-09-15
hanssem,KRX:009240,009240.KS,KRW,649902606300,0.00073867792,0.480,0.6,0.80,ok,2026-09-15
hyundai-livart,KRX:079430,079430.KS,KRW,117466939680,0.00073867792,0.087,0.15,0.58,ok,2026-09-15
millerknoll,NASDAQ:MLKN,MLKN,USD,1448300055,1,1.448,1.3,1.11,ok,2026-09-15
nitori,TSE:9843,9843.T,JPY,1790102470464,0.0064614508,11.567,12,0.96,ok,2026-09-15
bic,EPA:BB,BB.PA,EUR,2712503006,1.1543345,3.131,2.7,1.16,ok,2026-09-15
mitsubishi-pencil,TSE:7976,7976.T,JPY,161279782875,0.0064614508,1.042,0.9,1.16,ok,2026-09-15
monami,KRX:005360,005360.KS,KRW,24849958705,0.00073867792,0.018,0.04,0.46,ok,2026-09-15
pilot,TSE:7846,7846.T,JPY,220362702260,0.0064614508,1.424,1.2,1.19,ok,2026-09-15
chewy,NYSE:CHWY,CHWY,USD,8581146919,1,8.581,15,0.57,ok,2026-09-15
hasbro,NASDAQ:HAS,HAS,USD,12801196126,1,12.801,11,1.16,ok,2026-09-15
mattel,NASDAQ:MAT,MAT,USD,4008370924,1,4.008,6,0.67,ok,2026-09-15
pop-mart,HKG:9992,9992.HK,HKD,202478560789,0.12750483,25.817,40,0.65,ok,2026-09-15
sanrio,TSE:8136,8136.T,JPY,1480983447769,0.0064614508,9.569,10,0.96,ok,2026-09-15
groupe-seb,EPA:SK,SK.PA,EUR,3149806747,1.1543345,3.636,5,0.73,ok,2026-09-15
acushnet,NYSE:GOLF,GOLF,USD,4940482458,1,4.940,4.5,1.10,ok,2026-09-15
callaway,NYSE:MODG,,,,,,2,,error:KeyError,2026-09-15
honma,HKEX:6858,6858.HK,HKD,1780588950,0.12750483,0.227,0.3,0.76,ok,2026-09-15
amer-sports,NYSE:AS,AS,USD,16029196317,1,16.029,20,0.80,ok,2026-09-15
giant,TWSE:9921,9921.TW,TWD,35158688408,0.031453464,1.106,2,0.55,ok,2026-09-15
mizuno,TSE:8022,8022.T,JPY,304992235140,0.0064614508,1.971,2,0.99,ok,2026-09-15
shimano,TSE:7309,7309.T,JPY,1517878152000,0.0064614508,9.808,11,0.89,ok,2026-09-15
yonex,TSE:7906,7906.T,JPY,204128868658,0.0064614508,1.319,2,0.66,ok,2026-09-15
adidas,ETR:ADS,ADS.DE,EUR,25191548288,1.1543345,29.079,35,0.83,ok,2026-09-15
anta-sports,HKEX:2020,2020.HK,HKD,202800561314,0.12750483,25.858,30,0.86,ok,2026-09-15
asics,TSE:7936,7936.T,JPY,2887394107919,0.0064614508,18.657,18,1.04,ok,2026-09-15
barrel,KOSDAQ:267790,267790.KQ,KRW,25182486975,0.00073867792,0.019,0.03,0.62,ok,2026-09-15
fila-holdings,KRX:081660,081660.KS,KRW,2061163405800,0.00073867792,1.523,1.3,1.17,ok,2026-09-15
li-ning,HKEX:2331,2331.HK,HKD,33059767802,0.12750483,4.215,6,0.70,ok,2026-09-15
lululemon,NASDAQ:LULU,LULU,USD,11104215845,1,11.104,20,0.56,ok,2026-09-15
nike,NYSE:NKE,NKE,USD,54866863443,1,54.867,100,0.55,ok,2026-09-15
on-running,NYSE:ONON,ONON,USD,9180877662,1,9.181,15,0.61,ok,2026-09-15
puma,ETR:PUM,PUM.DE,EUR,3195905328,1.1543345,3.689,3.5,1.05,ok,2026-09-15
under-armour,NYSE:UAA,UAA,USD,2160614161,1,2.161,2.5,0.86,ok,2026-09-15
xexymix,KOSDAQ:337930,337930.KQ,KRW,73597658000,0.00073867792,0.054,0.1,0.54,ok,2026-09-15
canada-goose,NYSE:GOOS,GOOS,USD,763705979,1,0.764,1.2,0.64,ok,2026-09-15
columbia,NASDAQ:COLM,COLM,USD,2952311404,1,2.952,3,0.98,ok,2026-09-15
goldwin,TSE:8111,8111.T,JPY,293455579560,0.0064614508,1.896,2.5,0.76,ok,2026-09-15
vf-corp,NYSE:VFC,VFC,USD,5138268710,1,5.138,6,0.86,ok,2026-09-15
casio,TSE:6952,6952.T,JPY,456776547683,0.0064614508,2.951,2,1.48,ok,2026-09-15
citizen,TSE:7762,7762.T,JPY,548497435208,0.0064614508,3.544,2,1.77,ok,2026-09-15
fossil,NASDAQ:FOSL,FOSL,USD,293916106,1,0.294,0.2,1.47,ok,2026-09-15
seiko,TSE:8050,8050.T,JPY,791400422560,0.0064614508,5.114,1.5,3.41,ok,2026-09-15
swatch-group,SWX:UHR,UHR.SW,CHF,9127902013,1.2227629,11.161,9,1.24,ok,2026-09-15
chow-tai-fook,HKEX:1929,1929.HK,HKD,112180184615,0.12750483,14.304,15,0.95,ok,2026-09-15
jestina,KOSDAQ:026040,026040.KQ,KRW,37544174460,0.00073867792,0.028,0.05,0.55,ok,2026-09-15
pandora,CPH:PNDORA,PNDORA.CO,DKK,59810585347,0.15438865,9.234,13,0.71,ok,2026-09-15
richemont,SWX:CFR,CFR.SW,CHF,101743070190,1.2227629,124.408,100,1.24,ok,2026-09-15
herbalife,NYSE:HLF,HLF,USD,1262880749,1,1.263,1,1.26,ok,2026-09-15
calbee,TSE:2229,2229.T,JPY,369627076160,0.0064614508,2.388,2.5,0.96,ok,2026-09-15
crown,KRX:264900,264900.KS,KRW,96609998760,0.00073867792,0.071,0.1,0.71,ok,2026-09-15
glico,TSE:2206,2206.T,JPY,299900390140,0.0064614508,1.938,2,0.97,ok,2026-09-15
haitai,KRX:101530,101530.KS,KRW,148764083820,0.00073867792,0.110,0.1,1.10,ok,2026-09-15
hershey,NYSE:HSY,HSY,USD,34896766636,1,34.897,35,1.00,ok,2026-09-15
lindt,SWX:LISN,LISN.SW,CHF,97322624000,1.2227629,119.002,33,3.61,ok,2026-09-15
lotte-wellfood,KRX:280360,280360.KS,KRW,1228936113000,0.00073867792,0.908,0.8,1.13,ok,2026-09-15
meiji,TSE:2269,2269.T,JPY,1166288333683,0.0064614508,7.536,3,2.51,ok,2026-09-15
mondelez,NASDAQ:MDLZ,MDLZ,USD,80086908117,1,80.087,80,1.00,ok,2026-09-15
orion,KRX:271560,271560.KS,KRW,4573480771600,0.00073867792,3.378,3,1.13,ok,2026-09-15
pepsico,NASDAQ:PEP,PEP,USD,186089310019,1,186.089,200,0.93,ok,2026-09-15
spc-samlip,KRX:005610,005610.KS,KRW,335150971050,0.00073867792,0.248,0.3,0.83,ok,2026-09-15
cj-cheiljedang,KRX:097950,097950.KS,KRW,2633680716800,0.00073867792,1.945,2.8,0.69,ok,2026-09-15
dongwon-fnb,KRX:049770,,,,,,0.5,,error:KeyError,2026-09-15
general-mills,NYSE:GIS,GIS,USD,19497937496,1,19.498,27,0.72,ok,2026-09-15
nestle,SWX:NESN,NESN.SW,CHF,203719816150,1.2227629,249.101,250,1.00,ok,2026-09-15
nissin,TSE:2897,2897.T,JPY,862323118180,0.0064614508,5.572,6,0.93,ok,2026-09-15
nongshim,KRX:004370,004370.KS,KRW,2392017080000,0.00073867792,1.767,1.7,1.04,ok,2026-09-15
ottogi,KRX:007310,007310.KS,KRW,1122940265500,0.00073867792,0.829,1.1,0.75,ok,2026-09-15
pulmuone,KRX:017810,017810.KS,KRW,335359760670,0.00073867792,0.248,0.3,0.83,ok,2026-09-15
samyang-foods,KRX:003230,003230.KS,KRW,9657325230000,0.00073867792,7.134,8,0.89,ok,2026-09-15
binggrae,KRX:005180,005180.KS,KRW,781615208400,0.00073867792,0.577,0.5,1.15,ok,2026-09-15
danone,EPA:BN,BN.PA,EUR,40114204837,1.1543345,46.305,55,0.84,ok,2026-09-15
maeil-dairies,KRX:267980,267980.KQ,KRW,251007777300,0.00073867792,0.185,0.2,0.93,ok,2026-09-15
namyang-dairy,KRX:003920,003920.KS,KRW,253770645000,0.00073867792,0.187,0.3,0.62,ok,2026-09-15
oatly,NASDAQ:OTLY,OTLY,USD,415497614,1,0.415,0.4,1.04,ok,2026-09-15
yakult,TSE:2267,2267.T,JPY,819203119056,0.0064614508,5.293,6,0.88,ok,2026-09-15
celsius,NASDAQ:CELH,CELH,USD,7198847280,1,7.199,12,0.60,ok,2026-09-15
coca-cola,NYSE:KO,KO,USD,384432768297,1,384.433,300,1.28,ok,2026-09-15
keurig-dr-pepper,NASDAQ:KDP,KDP,USD,42974886176,1,42.975,40,1.07,ok,2026-09-15
lotte-chilsung,KRX:005300,005300.KS,KRW,895412306000,0.00073867792,0.661,0.7,0.94,ok,2026-09-15
monster-beverage,NASDAQ:MNST,MNST,USD,86590089463,1,86.590,65,1.33,ok,2026-09-15
ajinomoto,TSE:2802,2802.T,JPY,4671367232693,0.0064614508,30.184,23,1.31,ok,2026-09-15
daesang,KRX:001680,001680.KS,KRW,640295502000,0.00073867792,0.473,0.5,0.95,ok,2026-09-15
kewpie,TSE:2809,2809.T,JPY,610610102602,0.0064614508,3.945,3,1.32,ok,2026-09-15
kikkoman,TSE:2801,2801.T,JPY,1542366838950,0.0064614508,9.966,8,1.25,ok,2026-09-15
kraft-heinz,NASDAQ:KHC,KHC,USD,28779942607,1,28.780,30,0.96,ok,2026-09-15
ab-inbev,EBR:ABI,ABI.BR,EUR,135909273641,1.1543345,156.885,120,1.31,ok,2026-09-15
asahi,TSE:2502,2502.T,JPY,2366587533444,0.0064614508,15.292,19,0.80,ok,2026-09-15
brown-forman,NYSE:BF.B,BF-B,USD,12040598209,1,12.041,14,0.86,ok,2026-09-15
carlsberg,CPH:CARL-B,CARL-B.CO,DKK,114831097891,0.15438865,17.729,18,0.98,ok,2026-09-15
diageo,LSE:DGE,DGE.L,GBp,3653374441826,0.013489269,49.281,55,0.90,ok,2026-09-15
heineken,AMS:HEIA,HEIA.AS,EUR,39947099519,1.1543345,46.112,45,1.02,ok,2026-09-15
hitejinro,KRX:000080,000080.KS,KRW,1038665830510,0.00073867792,0.767,1,0.77,ok,2026-09-15
kirin,TSE:2503,2503.T,JPY,2242126491586,0.0064614508,14.487,12,1.21,ok,2026-09-15
kweichow-moutai,SHA:600519,600519.SS,CNY,1598254352926,0.14930722,238.631,250,0.95,ok,2026-09-15
pernod-ricard,EPA:RI,RI.PA,EUR,15410989994,1.1543345,17.789,25,0.71,ok,2026-09-15
sapporo,TSE:2501,2501.T,JPY,727884585835,0.0064614508,4.703,4,1.18,ok,2026-09-15
tsingtao,HKG:0168,0168.HK,HKD,54840644905,0.12750483,6.992,11,0.64,ok,2026-09-15
catl,SHE:300750,300750.SZ,CNY,1533866875492,0.14930722,229.017,200,1.15,ok,2026-09-15
ecopro,KRX:086520,086520.KQ,KRW,11334155733900,0.00073867792,8.372,7,1.20,ok,2026-09-15
ecopro-bm,KRX:247540,247540.KQ,KRW,10638941470400,0.00073867792,7.859,10,0.79,ok,2026-09-15
lg-energy-solution,KRX:373220,373220.KS,KRW,84942000000000,0.00073867792,62.745,60,1.05,ok,2026-09-15
lnf,KRX:066970,066970.KS,KRW,4333720452200,0.00073867792,3.201,2,1.60,ok,2026-09-15
posco-future-m,KRX:003670,003670.KS,KRW,16899775150000,0.00073867792,12.483,9,1.39,ok,2026-09-15
samsung-sdi,KRX:006400,006400.KS,KRW,43517580155000,0.00073867792,32.145,18,1.79,ok,2026-09-15
bp,LSE:BP,BP.L,GBp,8826426151032,0.013489269,119.062,90,1.32,ok,2026-09-15
chevron,NYSE:CVX,CVX,USD,416193363053,1,416.193,300,1.39,ok,2026-09-15
exxonmobil,NYSE:XOM,XOM,USD,678794433886,1,678.794,480,1.41,ok,2026-09-15
kogas,KRX:036460,036460.KS,KRW,3203008427800,0.00073867792,2.366,2.5,0.95,ok,2026-09-15
s-oil,KRX:010950,010950.KS,KRW,16909935358400,0.00073867792,12.491,5,2.50,ok,2026-09-15
saudi-aramco,TADAWUL:2222,2222.SR,SAR,6207343884000,0.26626903,1652.823,1600,1.03,ok,2026-09-15
shell,LSE:SHEL,SHEL.L,GBp,20484792536040,0.013489269,276.325,210,1.32,ok,2026-09-15
sinopec,SHA:600028,600028.SS,CNY,642194133917,0.14930722,95.884,95,1.01,ok,2026-09-15
sk-innovation,KRX:096770,096770.KS,KRW,23988785180000,0.00073867792,17.720,9,1.97,ok,2026-09-15
totalenergies,EPA:TTE,TTE.PA,EUR,175748730840,1.1543345,202.873,135,1.50,ok,2026-09-15
corning,NYSE:GLW,GLW,USD,123443996917,1,123.444,70,1.76,ok,2026-09-15
hyosung-tnc,KRX:298020,298020.KS,KRW,1409878309500,0.00073867792,1.041,0.7,1.49,ok,2026-09-15
kolon-industries,KRX:120110,120110.KS,KRW,1838189700000,0.00073867792,1.358,0.8,1.70,ok,2026-09-15
saint-gobain,EPA:SGO,SGO.PA,EUR,34029749786,1.1543345,39.282,50,0.79,ok,2026-09-15
shin-etsu,TSE:4063,4063.T,JPY,10420286505851,0.0064614508,67.330,60,1.12,ok,2026-09-15
toray,TSE:3402,3402.T,JPY,1796064459309,0.0064614508,11.605,10,1.16,ok,2026-09-15
kepco,KRX:015760,015760.KS,KRW,20221868425500,0.00073867792,14.937,18,0.83,ok,2026-09-15
nextera-energy,NYSE:NEE,NEE,USD,170247959645,1,170.248,150,1.13,ok,2026-09-15
orsted,CPH:ORSTED,ORSTED.CO,DKK,172266484800,0.15438865,26.596,20,1.33,ok,2026-09-15
siemens-energy,ETR:ENR,ENR.DE,EUR,112873570898,1.1543345,130.294,100,1.30,ok,2026-09-15
vestas,CPH:VWS,VWS.CO,DKK,201042244474,0.15438865,31.039,18,1.72,ok,2026-09-15
arcelormittal,AMS:MT,MT.AS,EUR,47132938191,1.1543345,54.407,30,1.81,ok,2026-09-15
bhp,ASX:BHP,BHP.AX,AUD,301190432967,0.71352124,214.906,140,1.54,ok,2026-09-15
glencore,LSE:GLEN,GLEN.L,GBp,6934871357172,0.013489269,93.546,55,1.70,ok,2026-09-15
hyundai-steel,KRX:004020,004020.KS,KRW,4669873734500,0.00073867792,3.450,2.5,1.38,ok,2026-09-15
korea-zinc,KRX:010130,010130.KS,KRW,23309464176000,0.00073867792,17.218,15,1.15,ok,2026-09-15
nippon-steel,TSE:5401,5401.T,JPY,3546562973340,0.0064614508,22.916,20,1.15,ok,2026-09-15
rio-tinto,LSE:RIO,RIO.L,GBp,11721171266097,0.013489269,158.110,120,1.32,ok,2026-09-15
air-liquide,EPA:AI,AI.PA,EUR,106496804148,1.1543345,122.933,110,1.12,ok,2026-09-15
basf,ETR:BAS,BAS.DE,EUR,46320954866,1.1543345,53.470,45,1.19,ok,2026-09-15
dow,NYSE:DOW,DOW,USD,20875646272,1,20.876,17,1.23,ok,2026-09-15
dupont,NYSE:DD,DD,USD,16784491486,1,16.784,17,0.99,ok,2026-09-15
hanwha-solutions,KRX:009830,009830.KS,KRW,6524990459000,0.00073867792,4.820,3.5,1.38,ok,2026-09-15
kumho-petrochemical,KRX:011780,011780.KS,KRW,3188266125300,0.00073867792,2.355,2,1.18,ok,2026-09-15
lg-chem,KRX:051910,051910.KS,KRW,21290827200000,0.00073867792,15.727,18,0.87,ok,2026-09-15
linde,NASDAQ:LIN,LIN,USD,214083799187,1,214.084,210,1.02,ok,2026-09-15
lotte-chemical,KRX:011170,011170.KS,KRW,2736647840300,0.00073867792,2.022,2,1.01,ok,2026-09-15
sabic,TADAWUL:2010,2010.SR,SAR,146771787608,0.26626903,39.081,48,0.81,ok,2026-09-15
airbnb,NASDAQ:ABNB,ABNB,USD,100612793035,1,100.613,80,1.26,ok,2026-09-15
booking-holdings,NASDAQ:BKNG,BKNG,USD,135874938482,1,135.875,170,0.80,ok,2026-09-15
expedia,NASDAQ:EXPE,EXPE,USD,34549553327,1,34.550,30,1.15,ok,2026-09-15
hanatour,KRX:039130,039130.KS,KRW,497235002600,0.00073867792,0.367,0.5,0.73,ok,2026-09-15
modetour,KRX:080160,080160.KQ,KRW,185787000000,0.00073867792,0.137,0.2,0.69,ok,2026-09-15
trip-com,NASDAQ:TCOM,TCOM,USD,24608881229,1,24.609,45,0.55,ok,2026-09-15
tripadvisor,NASDAQ:TRIP,TRIP,USD,1081749873,1,1.082,2,0.54,ok,2026-09-15
trivago,NASDAQ:TRVG,TRVG,USD,407122278,1,0.407,0.25,1.63,ok,2026-09-15
verygoodtour,KRX:094850,094850.KQ,KRW,60310529235,0.00073867792,0.045,0.1,0.45,ok,2026-09-15
ybtour,KRX:104620,104620.KQ,KRW,56651560240,0.00073867792,0.042,0.1,0.42,ok,2026-09-15
carnival-cruise,NYSE:CCL,CCL,USD,30899283393,1,30.899,35,0.88,ok,2026-09-15
norwegian-cruise-line,NYSE:NCLH,NCLH,USD,6759245216,1,6.759,10,0.68,ok,2026-09-15
royal-caribbean,NYSE:RCL,RCL,USD,68291214149,1,68.291,80,0.85,ok,2026-09-15
seaworld,NYSE:PRKS,PRKS,USD,1664932922,1,1.665,2.5,0.67,ok,2026-09-15
six-flags,NYSE:FUN,FUN,USD,1348529023,1,1.349,2,0.67,ok,2026-09-15
tokyo-disney-resort,TSE:4661,4661.T,JPY,5066724275460,0.0064614508,32.738,33,0.99,ok,2026-09-15
air-busan,KRX:298690,298690.KS,KRW,176738287744,0.00073867792,0.131,0.15,0.87,ok,2026-09-15
american-airlines,NASDAQ:AAL,AAL,USD,8671806611,1,8.672,9,0.96,ok,2026-09-15
ana,TSE:9202,9202.T,JPY,1273361216832,0.0064614508,8.228,9,0.91,ok,2026-09-15
asiana-airlines,KRX:020560,020560.KS,KRW,1622499801200,0.00073867792,1.199,0.6,2.00,ok,2026-09-15
cathay-pacific,HKG:0293,0293.HK,HKD,85622282311,0.12750483,10.917,9,1.21,ok,2026-09-15
delta-air-lines,NYSE:DAL,DAL,USD,52478319801,1,52.478,40,1.31,ok,2026-09-15
easyjet,LSE:EZJ,EZJ.L,GBp,498450458158,0.013489269,6.724,4.5,1.49,ok,2026-09-15
eva-air,TPE:2618,2618.TW,TWD,221418217735,0.031453464,6.964,7,0.99,ok,2026-09-15
finnair,HEL:FIA1S,FIA1S.HE,EUR,903388328,1.1543345,1.043,0.6,1.74,ok,2026-09-15
jal,TSE:9201,9201.T,JPY,1293351576381,0.0064614508,8.357,8,1.04,ok,2026-09-15
jeju-air,KRX:089590,089590.KS,KRW,382309921695,0.00073867792,0.282,0.4,0.71,ok,2026-09-15
jin-air,KRX:272450,272450.KS,KRW,309201804000,0.00073867792,0.228,0.4,0.57,ok,2026-09-15
korean-air,KRX:003490,003490.KS,KRW,10844096964500,0.00073867792,8.010,6,1.34,ok,2026-09-15
lufthansa,ETR:LHA,LHA.DE,EUR,9109111567,1.1543345,10.515,10,1.05,ok,2026-09-15
qantas,ASX:QAN,QAN.AX,AUD,13323720113,0.71352124,9.507,11,0.86,ok,2026-09-15
ryanair,NASDAQ:RYAAY,RYAAY,USD,27551984378,1,27.552,30,0.92,ok,2026-09-15
singapore-airlines,SGX:C6L,C6L.SI,SGD,20908822887,0.78641701,16.443,14,1.17,ok,2026-09-15
southwest-airlines,NYSE:LUV,LUV,USD,19333508327,1,19.334,18,1.07,ok,2026-09-15
turkish-airlines,IST:THYAO,THYAO.IS,TRY,405509730812,0.020569615,8.341,10,0.83,ok,2026-09-15
tway-air,KRX:091810,091810.KS,KRW,227845777680,0.00073867792,0.168,0.3,0.56,ok,2026-09-15
united-airlines,NASDAQ:UAL,UAL,USD,35365117266,1,35.365,30,1.18,ok,2026-09-15
vietjet,HOSE:VJC,VJC.VN,VND,95136799275700,3.8485221e-05,3.661,4,0.92,ok,2026-09-15
vietnam-airlines,HOSE:HVN,HVN.VN,VND,64563587878250,3.8485221e-05,2.485,2.5,0.99,ok,2026-09-15
accor,EPA:AC,AC.PA,EUR,10488189951,1.1543345,12.107,12,1.01,ok,2026-09-15
banyan-tree,SGX:B58,B58.SI,SGD,429484378,0.78641701,0.338,0.5,0.68,ok,2026-09-15
hilton,NYSE:HLT,HLT,USD,69905162420,1,69.905,62,1.13,ok,2026-09-15
hotel-shilla,KRX:008770,008770.KS,KRW,1530916241250,0.00073867792,1.131,1.2,0.94,ok,2026-09-15
hyatt,NYSE:H,H,USD,15427496683,1,15.427,14,1.10,ok,2026-09-15
ihg,LON:IHG,IHG.L,USD,22567782516,1,22.568,20,1.13,ok,2026-09-15
marriott,NASDAQ:MAR,MAR,USD,88780488184,1,88.780,75,1.18,ok,2026-09-15
paradise-hotels,KRX:034230,034230.KS,KRW,874959363580,0.00073867792,0.646,0.8,0.81,ok,2026-09-15
peninsula-hotels,HKEX:0045,0045.HK,HKD,8918128039,0.12750483,1.137,1.3,0.87,ok,2026-09-15
shangri-la,HKEX:0069,0069.HK,HKD,14300030154,0.12750483,1.823,2,0.91,ok,2026-09-15
taj-hotels,NSE:INDHOTEL,INDHOTEL.NS,INR,1039386206228,0.01046682,10.879,12,0.91,ok,2026-09-15
outback,NASDAQ:BLMN,BLMN,USD,762882357,1,0.763,0.6,1.27,ok,2026-09-15
theborn-korea,KRX:475560,475560.KS,KRW,221826431200,0.00073867792,0.164,0.3,0.55,ok,2026-09-15
dominos,NASDAQ:DPZ,DPZ,USD,10710872978,1,10.711,15,0.71,ok,2026-09-15
kyochon,KRX:339770,339770.KS,KRW,191244628625,0.00073867792,0.141,0.15,0.94,ok,2026-09-15
papa-johns,NASDAQ:PZZA,PZZA,USD,717921935,1,0.718,1.5,0.48,ok,2026-09-15
krispy-kreme,NASDAQ:DNUT,DNUT,USD,555200008,1,0.555,0.6,0.93,ok,2026-09-15
chagee,NASDAQ:CHA,CHA,USD,2386449252,1,2.386,3,0.80,ok,2026-09-15
luckin-coffee,OTC:LKNCY,LKNCY,USD,9982885791,1,9.983,10,1.00,ok,2026-09-15
mixue,HKEX:2097,2097.HK,HKD,71558143800,0.12750483,9.124,20,0.46,ok,2026-09-15
starbucks,NASDAQ:SBUX,SBUX,USD,112939799652,1,112.940,100,1.13,ok,2026-09-15
chipotle,NYSE:CMG,CMG,USD,46858426995,1,46.858,50,0.94,ok,2026-09-15
jollibee,PSE:JFC,,,,,,4.5,,not_found,2026-09-15
mcdonalds,NYSE:MCD,MCD,USD,182210610907,1,182.211,220,0.83,ok,2026-09-15
rbi,NYSE:QSR,QSR,USD,27513523535,1,27.514,22,1.25,ok,2026-09-15
shake-shack,NYSE:SHAK,SHAK,USD,2566321475,1,2.566,4,0.64,ok,2026-09-15
wendys,NASDAQ:WEN,WEN,USD,1454811588,1,1.455,2,0.73,ok,2026-09-15
wingstop,NASDAQ:WING,WING,USD,3124992427,1,3.125,7,0.45,ok,2026-09-15
yum-brands,NYSE:YUM,YUM,USD,39933616268,1,39.934,40,1.00,ok,2026-09-15
home-depot,NYSE:HD,HD,USD,310151769163,1,310.152,380,0.82,ok,2026-09-15
muji,TSE:7453,7453.T,JPY,2124905652876,0.0064614508,13.730,7,1.96,ok,2026-09-15
carrefour,EPA:CA,CA.PA,EUR,11753456149,1.1543345,13.567,10,1.36,ok,2026-09-15
costco,NASDAQ:COST,COST,USD,407517095874,1,407.517,420,0.97,ok,2026-09-15
don-quijote,TSE:7532,7532.T,JPY,2175443449980,0.0064614508,14.057,17,0.83,ok,2026-09-15
emart,KRX:139480,139480.KS,KRW,2003768804400,0.00073867792,1.480,1.5,0.99,ok,2026-09-15
target,NYSE:TGT,TGT,USD,72096053474,1,72.096,45,1.60,ok,2026-09-15
tesco,LON:TSCO,TSCO.L,GBp,2995393830860,0.013489269,40.406,38,1.06,ok,2026-09-15
walmart,NYSE:WMT,WMT,USD,865413054495,1,865.413,800,1.08,ok,2026-09-15
mytheresa,NYSE:LUXE,LUXE,USD,1021226371,1,1.021,1,1.02,ok,2026-09-15
galleria,KRX:452260,452260.KS,KRW,498976364675,0.00073867792,0.369,0.2,1.84,ok,2026-09-15
hyundai-department-store,KRX:069960,069960.KS,KRW,2124712219200,0.00073867792,1.569,1.2,1.31,ok,2026-09-15
macys,NYSE:M,M,USD,5897368647,1,5.897,5,1.18,ok,2026-09-15
shinsegae-department-store,KRX:004170,004170.KS,KRW,3265961172500,0.00073867792,2.412,1.2,2.01,ok,2026-09-15
alibaba,NYSE:BABA,BABA,USD,271504675811,1,271.505,320,0.85,ok,2026-09-15
amazon,NASDAQ:AMZN,AMZN,USD,2734761870627,1,2734.762,2400,1.14,ok,2026-09-15
coupang,NYSE:CPNG,CPNG,USD,27160401200,1,27.160,50,0.54,ok,2026-09-15
ebay,NASDAQ:EBAY,EBAY,USD,48500549049,1,48.501,40,1.21,ok,2026-09-15
etsy,NYSE:ETSY,ETSY,USD,6834068872,1,6.834,6,1.14,ok,2026-09-15
jd-com,NASDAQ:JD,JD,USD,36814630309,1,36.815,45,0.82,ok,2026-09-15
rakuten,TSE:4755,4755.T,JPY,1608777937075,0.0064614508,10.395,13,0.80,ok,2026-09-15
cu,KRX:282330,282330.KS,KRW,2437504616500,0.00073867792,1.801,1.3,1.39,ok,2026-09-15
seven-eleven,TSE:3382,3382.T,JPY,4604396388273,0.0064614508,29.751,38,0.78,ok,2026-09-15
kakao,KRX:035720,035720.KS,KRW,15313764586750,0.00073867792,11.312,19,0.60,ok,2026-09-15
meta,NASDAQ:META,META,USD,1695620081165,1,1695.620,1700,1.00,ok,2026-09-15
pinterest,NYSE:PINS,PINS,USD,11150703804,1,11.151,20,0.56,ok,2026-09-15
reddit,NYSE:RDDT,RDDT,USD,31241346233,1,31.241,35,0.89,ok,2026-09-15
snapchat,NYSE:SNAP,SNAP,USD,9876594896,1,9.877,14,0.71,ok,2026-09-15
alphabet,NASDAQ:GOOGL,GOOGL,USD,4273017109753,1,4273.017,3500,1.22,ok,2026-09-15
baidu,NASDAQ:BIDU,BIDU,USD,31376543920,1,31.377,40,0.78,ok,2026-09-15
naver,KRX:035420,035420.KS,KRW,30963013839000,0.00073867792,22.872,25,0.91,ok,2026-09-15
bandai-namco,TSE:7832,7832.T,JPY,3565994754280,0.0064614508,23.041,20,1.15,ok,2026-09-15
capcom,TSE:9697,9697.T,JPY,1833865967712,0.0064614508,11.849,13,0.91,ok,2026-09-15
cd-projekt,WSE:CDR,CDR.WA,PLN,23708764023,0.26591855,6.305,7,0.90,ok,2026-09-15
devsisters,KRX:194480,194480.KQ,KRW,164690905480,0.00073867792,0.122,0.3,0.41,ok,2026-09-15
kakao-games,KRX:293490,293490.KQ,KRW,1039442571120,0.00073867792,0.768,1,0.77,ok,2026-09-15
konami,TSE:9766,9766.T,JPY,2882608610995,0.0064614508,18.626,20,0.93,ok,2026-09-15
krafton,KRX:259960,259960.KS,KRW,9515497384000,0.00073867792,7.029,12,0.59,ok,2026-09-15
ncsoft,KRX:036570,036570.KS,KRW,4011414104000,0.00073867792,2.963,3,0.99,ok,2026-09-15
neowiz,KRX:095660,095660.KQ,KRW,358199112600,0.00073867792,0.265,0.3,0.88,ok,2026-09-15
netease,NASDAQ:NTES,NTES,USD,75543119258,1,75.543,85,0.89,ok,2026-09-15
netmarble,KRX:251270,251270.KS,KRW,2884096899200,0.00073867792,2.130,3,0.71,ok,2026-09-15
nexon,TSE:3659,3659.T,JPY,2465926158668,0.0064614508,15.933,18,0.89,ok,2026-09-15
nintendo,TSE:7974,7974.T,JPY,9422432704465,0.0064614508,60.883,90,0.68,ok,2026-09-15
pearl-abyss,KRX:263750,263750.KQ,KRW,2171027196000,0.00073867792,1.604,1.5,1.07,ok,2026-09-15
roblox,NYSE:RBLX,RBLX,USD,36640342668,1,36.640,70,0.52,ok,2026-09-15
sega,TSE:6460,6460.T,JPY,677830930308,0.0064614508,4.380,4.5,0.97,ok,2026-09-15
shift-up,KRX:462870,462870.KS,KRW,1868449597000,0.00073867792,1.380,2,0.69,ok,2026-09-15
square-enix,TSE:9684,9684.T,JPY,1079862548796,0.0064614508,6.977,6,1.16,ok,2026-09-15
take-two,NASDAQ:TTWO,TTWO,USD,41679811234,1,41.680,45,0.93,ok,2026-09-15
tencent,HKG:0700,0700.HK,HKD,3989672263887,0.12750483,508.702,650,0.78,ok,2026-09-15
ubisoft,EPA:UBI,UBI.PA,EUR,724781734,1.1543345,0.837,1.5,0.56,ok,2026-09-15
genie-music,KRX:043610,043610.KQ,KRW,69099255782,0.00073867792,0.051,0.1,0.51,ok,2026-09-15
netflix,NASDAQ:NFLX,NFLX,USD,334447633506,1,334.448,450,0.74,ok,2026-09-15
soop,KRX:067160,067160.KQ,KRW,395851138200,0.00073867792,0.292,0.8,0.37,ok,2026-09-15
spotify,NYSE:SPOT,SPOT,USD,114388495633,1,114.388,120,0.95,ok,2026-09-15
aston-martin,LSE:AML,AML.L,GBp,34385494038,0.013489269,0.464,1.2,0.39,ok,2026-09-15
ferrari,NYSE:RACE,RACE,USD,71855901069,1,71.856,75,0.96,ok,2026-09-15
porsche,ETR:P911,P911.DE,EUR,41004110000,1.1543345,47.332,45,1.05,ok,2026-09-15
grab,NASDAQ:GRAB,GRAB,USD,12355731962,1,12.356,22,0.56,ok,2026-09-15
hertz,NASDAQ:HTZ,HTZ,USD,702209254,1,0.702,2,0.35,ok,2026-09-15
lyft,NASDAQ:LYFT,LYFT,USD,6018789815,1,6.019,7,0.86,ok,2026-09-15
socar,KRX:403550,403550.KS,KRW,399886988680,0.00073867792,0.295,0.4,0.74,ok,2026-09-15
uber,NYSE:UBER,UBER,USD,148351135978,1,148.351,190,0.78,ok,2026-09-15
daimler-truck,ETR:DTG,DTG.DE,EUR,33479785144,1.1543345,38.647,35,1.10,ok,2026-09-15
isuzu,TSE:7202,7202.T,JPY,1506767372445,0.0064614508,9.736,10,0.97,ok,2026-09-15
traton,ETR:8TRA,8TRA.DE,EUR,18180000000,1.1543345,20.986,17,1.23,ok,2026-09-15
volvo-group,STO:VOLV-B,VOLV-B.ST,SEK,682019828974,0.10236504,69.815,60,1.16,ok,2026-09-15
bmw-group,ETR:BMW,BMW.DE,EUR,37542655987,1.1543345,43.337,60,0.72,ok,2026-09-15
chery,HKG:9973,9973.HK,HKD,150675204688,0.12750483,19.212,25,0.77,ok,2026-09-15
ford,NYSE:F,F,USD,55268074576,1,55.268,45,1.23,ok,2026-09-15
general-motors,NYSE:GM,GM,USD,78831999626,1,78.832,70,1.13,ok,2026-09-15
honda,TSE:7267,7267.T,JPY,6494770465808,0.0064614508,41.966,45,0.93,ok,2026-09-15
hyundai-motor,KRX:005380,005380.KS,KRW,97402276272000,0.00073867792,71.949,45,1.60,ok,2026-09-15
kg-mobility,KRX:003620,003620.KS,KRW,533257893120,0.00073867792,0.394,0.6,0.66,ok,2026-09-15
kia,KRX:000270,000270.KS,KRW,47882424497600,0.00073867792,35.370,35,1.01,ok,2026-09-15
mazda,TSE:7261,7261.T,JPY,724669309155,0.0064614508,4.682,4.5,1.04,ok,2026-09-15
mercedes-benz-group,ETR:MBG,MBG.DE,EUR,44664240528,1.1543345,51.557,65,0.79,ok,2026-09-15
mitsubishi-motors,TSE:7211,7211.T,JPY,484483668712,0.0064614508,3.130,3.5,0.89,ok,2026-09-15
nissan,TSE:7201,7201.T,JPY,1096115920020,0.0064614508,7.082,9,0.79,ok,2026-09-15
renault-group,EPA:RNO,RNO.PA,EUR,8496003288,1.1543345,9.807,13,0.75,ok,2026-09-15
stellantis,NYSE:STLA,STLA,USD,15258951649,1,15.259,30,0.51,ok,2026-09-15
subaru,TSE:7270,7270.T,JPY,1823775496722,0.0064614508,11.784,13,0.91,ok,2026-09-15
suzuki,TSE:7269,7269.T,JPY,3906779918850,0.0064614508,25.243,25,1.01,ok,2026-09-15
tata-motors,NSE:TMPV,TMPV.NS,INR,1108918643898,0.01046682,11.607,17,0.68,ok,2026-09-15
toyota,TSE:7203,7203.T,JPY,35714970318560,0.0064614508,230.771,260,0.89,ok,2026-09-15
volkswagen-group,ETR:VOW3,VOW3.DE,EUR,40835512124,1.1543345,47.138,55,0.86,ok,2026-09-15
volvo-cars,STO:VOLCAR-B,VOLCAR-B.ST,SEK,55305857680,0.10236504,5.661,7,0.81,ok,2026-09-15
harley-davidson,NYSE:HOG,HOG,USD,2871360484,1,2.871,3.5,0.82,ok,2026-09-15
piaggio,BIT:PIA,PIA.MI,EUR,666257678,1.1543345,0.769,0.8,0.96,ok,2026-09-15
yamaha-motor,TSE:7272,7272.T,JPY,1710776570907,0.0064614508,11.054,7,1.58,ok,2026-09-15
aisin,TSE:7259,7259.T,JPY,1554299366373,0.0064614508,10.043,12,0.84,ok,2026-09-15
brembo,BIT:BRE,BRE.MI,EUR,3203396903,1.1543345,3.698,3.5,1.06,ok,2026-09-15
continental,ETR:CON,CON.DE,EUR,13920416417,1.1543345,16.069,15,1.07,ok,2026-09-15
denso,TSE:6902,6902.T,JPY,4786131353857,0.0064614508,30.925,38,0.81,ok,2026-09-15
hanon-systems,KRX:018880,018880.KS,KRW,3535435873190,0.00073867792,2.612,1.5,1.74,ok,2026-09-15
hl-mando,KRX:204320,204320.KS,KRW,2312638160000,0.00073867792,1.708,1.5,1.14,ok,2026-09-15
hyundai-mobis,KRX:012330,012330.KS,KRW,35716823491500,0.00073867792,26.383,22,1.20,ok,2026-09-15
hyundai-wia,KRX:011210,011210.KS,KRW,1508092141500,0.00073867792,1.114,1.1,1.01,ok,2026-09-15
magna,NYSE:MGA,MGA,USD,17359362644,1,17.359,12,1.45,ok,2026-09-15
valeo,EPA:FR,FR.PA,EUR,3435848263,1.1543345,3.966,2.8,1.42,ok,2026-09-15
byd,SZSE:002594,002594.SZ,CNY,776420578024,0.14930722,115.925,130,0.89,ok,2026-09-15
li-auto,NASDAQ:LI,LI,USD,11893430411,1,11.893,20,0.59,ok,2026-09-15
lucid,NASDAQ:LCID,LCID,USD,1623468262,1,1.623,6,0.27,ok,2026-09-15
nio,NYSE:NIO,NIO,USD,9195798162,1,9.196,12,0.77,ok,2026-09-15
polestar,NASDAQ:PSNY,PSNY,USD,1215672970,1,1.216,2,0.61,ok,2026-09-15
rivian,NASDAQ:RIVN,RIVN,USD,22963069095,1,22.963,17,1.35,ok,2026-09-15
tesla,NASDAQ:TSLA,TSLA,USD,1417769032845,1,1417.769,1300,1.09,ok,2026-09-15
xpeng,NYSE:XPEV,XPEV,USD,10246335701,1,10.246,18,0.57,ok,2026-09-15
bridgestone,TSE:5108,5108.T,JPY,4635054118420,0.0064614508,29.949,30,1.00,ok,2026-09-15
goodyear,NASDAQ:GT,GT,USD,1531621330,1,1.532,2.5,0.61,ok,2026-09-15
hankook-tire,KRX:161390,161390.KS,KRW,7185137551700,0.00073867792,5.308,4,1.33,ok,2026-09-15
kumho-tire,KRX:073240,073240.KS,KRW,2059656257790,0.00073867792,1.521,1,1.52,ok,2026-09-15
michelin,EPA:ML,,,,,,24,,not_found,2026-09-15
nexen-tire,KRX:002350,002350.KS,KRW,551016430980,0.00073867792,0.407,0.5,0.81,ok,2026-09-15
pirelli,BIT:PIRC,PIRC.MI,EUR,6834756178,1.1543345,7.890,6.5,1.21,ok,2026-09-15
yokohama-tire,TSE:5101,5101.T,JPY,1058800421272,0.0064614508,6.841,5,1.37,ok,2026-09-15
accenture,NYSE:ACN,ACN,USD,119328711255,1,119.329,160,0.75,ok,2026-09-15
cisco,NASDAQ:CSCO,CSCO,USD,433921101617,1,433.921,270,1.61,ok,2026-09-15
hyundai-autoever,KRX:307950,307950.KS,KRW,10311091616000,0.00073867792,7.617,3.5,2.18,ok,2026-09-15
ibm,NYSE:IBM,IBM,USD,234676251755,1,234.676,250,0.94,ok,2026-09-15
infosys,NSE:INFY,INFY.NS,INR,4202813236891,0.01046682,43.990,75,0.59,ok,2026-09-15
lg-cns,KRX:064400,064400.KS,KRW,6937033876800,0.00073867792,5.124,4,1.28,ok,2026-09-15
samsung-sds,KRX:018260,018260.KS,KRW,17249091478000,0.00073867792,12.742,8,1.59,ok,2026-09-15
tcs,NSE:TCS,TCS.NS,INR,7962687009614,0.01046682,83.344,130,0.64,ok,2026-09-15
acer,TPE:2353,2353.TW,TWD,93342756106,0.031453464,2.936,3.5,0.84,ok,2026-09-15
asus,TPE:2357,2357.TW,TWD,681111176760,0.031453464,21.423,14,1.53,ok,2026-09-15
corsair,NASDAQ:CRSR,CRSR,USD,1409545747,1,1.410,0.8,1.76,ok,2026-09-15
dell,NYSE:DELL,DELL,USD,339702054697,1,339.702,90,3.77,ok,2026-09-15
hp,NYSE:HPQ,HPQ,USD,30678929178,1,30.679,27,1.14,ok,2026-09-15
lenovo,HKG:0992,0992.HK,HKD,393723883406,0.12750483,50.202,16,3.14,ok,2026-09-15
logitech,NASDAQ:LOGI,LOGI,USD,14370381087,1,14.370,15,0.96,ok,2026-09-15
msi,TPE:2377,2377.TW,TWD,126728430000,0.031453464,3.986,3,1.33,ok,2026-09-15
raspberry-pi,LON:RPI,RPI.L,GBp,101482846296,0.013489269,1.369,1,1.37,ok,2026-09-15
wacom,TYO:6727,6727.T,JPY,109106977296,0.0064614508,0.705,0.7,1.01,ok,2026-09-15
boe,SZSE:000725,000725.SZ,CNY,195964494045,0.14930722,29.259,20,1.46,ok,2026-09-15
foxconn,TPE:2317,2317.TW,TWD,3481900664210,0.031453464,109.518,100,1.10,ok,2026-09-15
lg-display,KRX:034220,034220.KS,KRW,4395000000000,0.00073867792,3.246,4,0.81,ok,2026-09-15
lg-innotek,KRX:011070,011070.KS,KRW,12234550119000,0.00073867792,9.037,2.5,3.61,ok,2026-09-15
murata,TYO:6981,6981.T,JPY,13607735325174,0.0064614508,87.926,35,2.51,ok,2026-09-15
samsung-electro-mechanics,KRX:009150,009150.KS,KRW,101384409500000,0.00073867792,74.890,10,7.49,check,2026-09-15
amd,NASDAQ:AMD,AMD,USD,805479516452,1,805.480,350,2.30,ok,2026-09-15
applied-materials,NASDAQ:AMAT,AMAT,USD,336651964514,1,336.652,200,1.68,ok,2026-09-15
arm,NASDAQ:ARM,ARM,USD,255262332110,1,255.262,150,1.70,ok,2026-09-15
asml,AMS:ASML,ASML.AS,EUR,533053980000,1.1543345,615.323,350,1.76,ok,2026-09-15
broadcom,NASDAQ:AVGO,AVGO,USD,1645565692890,1,1645.566,1500,1.10,ok,2026-09-15
hanmi-semiconductor,KRX:042700,042700.KS,KRW,21436778452000,0.00073867792,15.835,7,2.26,ok,2026-09-15
infineon,ETR:IFX,IFX.DE,EUR,70224961572,1.1543345,81.063,55,1.47,ok,2026-09-15
intel,NASDAQ:INTC,INTC,USD,513756583319,1,513.757,180,2.85,ok,2026-09-15
mediatek,TPE:2454,2454.TW,TWD,7163295838335,0.031453464,225.310,70,3.22,ok,2026-09-15
micron,NASDAQ:MU,MU,USD,1043593186406,1,1043.593,250,4.17,check,2026-09-15
nvidia,NASDAQ:NVDA,NVDA,USD,5094051282120,1,5094.051,4500,1.13,ok,2026-09-15
qualcomm,NASDAQ:QCOM,QCOM,USD,192411090214,1,192.411,180,1.07,ok,2026-09-15
sk-hynix,KRX:000660,000660.KS,KRW,1223079977193000,0.00073867792,903.462,300,3.01,ok,2026-09-15
texas-instruments,NASDAQ:TXN,TXN,USD,240567717709,1,240.568,170,1.42,ok,2026-09-15
tokyo-electron,TYO:8035,8035.T,JPY,23214569341600,0.0064614508,150.000,80,1.87,ok,2026-09-15
tsmc,NYSE:TSM,TSM,USD,2167998052823,1,2167.998,1300,1.67,ok,2026-09-15
adobe,NASDAQ:ADBE,ADBE,USD,105576002426,1,105.576,150,0.70,ok,2026-09-15
atlassian,NASDAQ:TEAM,TEAM,USD,48797570449,1,48.798,40,1.22,ok,2026-09-15
autodesk,NASDAQ:ADSK,ADSK,USD,47846368469,1,47.846,65,0.74,ok,2026-09-15
cloudflare,NYSE:NET,NET,USD,117634489431,1,117.634,70,1.68,ok,2026-09-15
douzone-bizon,KRX:012510,,,,,,1.5,,error:KeyError,2026-09-15
dropbox,NASDAQ:DBX,DBX,USD,8112784414,1,8.113,8,1.01,ok,2026-09-15
figma,NYSE:FIG,FIG,USD,12744265839,1,12.744,15,0.85,ok,2026-09-15
hancom,KRX:030520,030520.KQ,KRW,423513636440,0.00073867792,0.313,0.4,0.78,ok,2026-09-15
microsoft,NASDAQ:MSFT,MSFT,USD,3752944973799,1,3752.945,3700,1.01,ok,2026-09-15
oracle,NYSE:ORCL,ORCL,USD,417063376751,1,417.063,600,0.70,ok,2026-09-15
palantir,NASDAQ:PLTR,PLTR,USD,416474059302,1,416.474,400,1.04,ok,2026-09-15
salesforce,NYSE:CRM,CRM,USD,213510883972,1,213.511,220,0.97,ok,2026-09-15
sap,ETR:SAP,SAP.DE,EUR,214982080252,1.1543345,248.161,300,0.83,ok,2026-09-15
servicenow,NYSE:NOW,NOW,USD,147170262010,1,147.170,180,0.82,ok,2026-09-15
shopify,NASDAQ:SHOP,SHOP,USD,172268755136,1,172.269,200,0.86,ok,2026-09-15
snowflake,NYSE:SNOW,SNOW,USD,117253082153,1,117.253,75,1.56,ok,2026-09-15
unity,NYSE:U,U,USD,19121864475,1,19.122,15,1.27,ok,2026-09-15
zoom,NASDAQ:ZM,ZM,USD,27824494859,1,27.824,25,1.11,ok,2026-09-15
apple,NASDAQ:AAPL,AAPL,USD,4861029278433,1,4861.029,3800,1.28,ok,2026-09-15
balmuda,TYO:6612,6612.T,JPY,4996728318,0.0064614508,0.032,0.08,0.40,ok,2026-09-15
coway,KRX:021240,021240.KS,KRW,7258342495500,0.00073867792,5.362,5,1.07,ok,2026-09-15
cuckoo,KRX:284740,284740.KS,KRW,517956978000,0.00073867792,0.383,0.4,0.96,ok,2026-09-15
electrolux,STO:ELUX-B,ELUX-B.ST,SEK,21244780816,0.10236504,2.175,1.8,1.21,ok,2026-09-15
haier,SSE:600690,600690.SS,CNY,197504557463,0.14930722,29.489,35,0.84,ok,2026-09-15
lg-electronics,KRX:066570,066570.KS,KRW,36458640848000,0.00073867792,26.931,9,2.99,ok,2026-09-15
panasonic,TYO:6752,6752.T,JPY,9923431335000,0.0064614508,64.120,25,2.56,ok,2026-09-15
philips,AMS:PHIA,PHIA.AS,EUR,21171079044,1.1543345,24.439,25,0.98,ok,2026-09-15
samsung-electronics,KRX:005930,005930.KS,KRW,1649848980382500,0.00073867792,1218.707,500,2.44,ok,2026-09-15
sharp,TYO:6753,6753.T,JPY,444515205833,0.0064614508,2.872,3.5,0.82,ok,2026-09-15
tcl,HKG:1070,1070.HK,HKD,43458900036,0.12750483,5.541,3,1.85,ok,2026-09-15
whirlpool,NYSE:WHR,WHR,USD,2216778852,1,2.217,5,0.44,ok,2026-09-15
xiaomi,HKG:1810,1810.HK,HKD,694107608442,0.12750483,88.502,150,0.59,ok,2026-09-15
bang-olufsen,CPH:BO,BO.CO,DKK,1394696519,0.15438865,0.215,0.2,1.08,ok,2026-09-15
canon,TYO:7751,7751.T,JPY,3740400387392,0.0064614508,24.168,30,0.81,ok,2026-09-15
fujifilm,TYO:4901,4901.T,JPY,3886958877750,0.0064614508,25.115,25,1.00,ok,2026-09-15
gopro,NASDAQ:GPRO,GPRO,USD,278581096,1,0.279,0.3,0.93,ok,2026-09-15
insta360,SSE:688775,688775.SS,CNY,37938610245,0.14930722,5.665,10,0.57,ok,2026-09-15
nikon,TYO:7731,7731.T,JPY,563961498256,0.0064614508,3.644,3.5,1.04,ok,2026-09-15
sonos,NASDAQ:SONO,SONO,USD,1843020184,1,1.843,1.8,1.02,ok,2026-09-15
sony,TYO:6758,6758.T,JPY,21890695953225,0.0064614508,141.446,170,0.83,ok,2026-09-15
alteogen,KRX:196170,196170.KQ,KRW,18121207348000,0.00073867792,13.386,15,0.89,ok,2026-09-15
amgen,NASDAQ:AMGN,AMGN,USD,206251109908,1,206.251,170,1.21,ok,2026-09-15
biontech,NASDAQ:BNTX,BNTX,USD,24834063776,1,24.834,25,0.99,ok,2026-09-15
celltrion,KRX:068270,068270.KS,KRW,41187163683200,0.00073867792,30.424,28,1.09,ok,2026-09-15
lonza,SWX:LONN,LONN.SW,CHF,37310787984,1.2227629,45.622,45,1.01,ok,2026-09-15
moderna,NASDAQ:MRNA,MRNA,USD,58563913532,1,58.564,10,5.86,check,2026-09-15
samsung-biologics,KRX:207940,207940.KS,KRW,65455404714000,0.00073867792,48.350,50,0.97,ok,2026-09-15
sk-bioscience,KRX:302440,302440.KS,KRW,2922506599250,0.00073867792,2.159,3,0.72,ok,2026-09-15
abbott,NYSE:ABT,ABT,USD,178385207648,1,178.385,230,0.78,ok,2026-09-15
boston-scientific,NYSE:BSX,BSX,USD,65287789041,1,65.288,150,0.44,ok,2026-09-15
dexcom,NASDAQ:DXCM,DXCM,USD,31954909695,1,31.955,28,1.14,ok,2026-09-15
ge-healthcare,NASDAQ:GEHC,GEHC,USD,29020841691,1,29.021,35,0.83,ok,2026-09-15
intuitive-surgical,NASDAQ:ISRG,ISRG,USD,135407602556,1,135.408,180,0.75,ok,2026-09-15
lunit,KRX:328130,328130.KQ,KRW,629277100560,0.00073867792,0.465,1.2,0.39,ok,2026-09-15
medtronic,NYSE:MDT,MDT,USD,119983137986,1,119.983,120,1.00,ok,2026-09-15
olympus,TYO:7733,7733.T,JPY,2114013942729,0.0064614508,13.660,15,0.91,ok,2026-09-15
siemens-healthineers,ETR:SHL,SHL.DE,EUR,43637568074,1.1543345,50.372,60,0.84,ok,2026-09-15
stryker,NYSE:SYK,SYK,USD,108117732603,1,108.118,145,0.75,ok,2026-09-15
dongwha-pharm,KRX:000020,000020.KS,KRW,142192980900,0.00073867792,0.105,0.15,0.70,ok,2026-09-15
haleon,LON:HLN,HLN.L,GBp,3009729063165,0.013489269,40.599,45,0.90,ok,2026-09-15
kenvue,NYSE:KVUE,KVUE,USD,34401052501,1,34.401,33,1.04,ok,2026-09-15
abbvie,NYSE:ABBV,ABBV,USD,462578272280,1,462.578,380,1.22,ok,2026-09-15
astrazeneca,LSE:AZN,AZN.L,GBp,18849466523668,0.013489269,254.266,230,1.11,ok,2026-09-15
bayer,ETR:BAYN,BAYN.DE,EUR,48462979965,1.1543345,55.942,35,1.60,ok,2026-09-15
chong-kun-dang,KRX:185750,185750.KS,KRW,873573308400,0.00073867792,0.645,0.7,0.92,ok,2026-09-15
daewoong,KRX:069620,069620.KS,KRW,1273744089000,0.00073867792,0.941,1.3,0.72,ok,2026-09-15
eli-lilly,NYSE:LLY,LLY,USD,1015051433747,1,1015.051,850,1.19,ok,2026-09-15
galderma,SWX:GALD,GALD.SW,CHF,36284200020,1.2227629,44.367,40,1.11,ok,2026-09-15
gc-biopharma,KRX:006280,006280.KS,KRW,1436912689300,0.00073867792,1.061,1,1.06,ok,2026-09-15
gsk,LSE:GSK,GSK.L,GBp,7428406055707,0.013489269,100.204,85,1.18,ok,2026-09-15
hanmi,KRX:128940,128940.KS,KRW,6311576518500,0.00073867792,4.662,3,1.55,ok,2026-09-15
johnson-johnson,NYSE:JNJ,JNJ,USD,641804212004,1,641.804,450,1.43,ok,2026-09-15
msd,NYSE:MRK,MRK,USD,357369826823,1,357.370,250,1.43,ok,2026-09-15
novartis,SWX:NOVN,NOVN.SW,CHF,216529431092,1.2227629,264.764,250,1.06,ok,2026-09-15
novo-nordisk,CPH:NOVO-B,NOVO-B.CO,DKK,1239066604770,0.15438865,191.298,220,0.87,ok,2026-09-15
pfizer,NYSE:PFE,PFE,USD,157994947973,1,157.995,145,1.09,ok,2026-09-15
roche,SWX:ROG,RO.SW,CHF,293528557486,1.2222399,358.762,280,1.28,ok,2026-09-15
sanofi,EPA:SAN,SAN.PA,EUR,90370320910,1.1543345,104.318,120,0.87,ok,2026-09-15
takeda,TSE:4502,4502.T,JPY,9337802415272,0.0064614508,60.336,45,1.34,ok,2026-09-15
yuhan,KRX:000100,000100.KS,KRW,5933431948600,0.00073867792,4.383,5,0.88,ok,2026-09-15
new-york-times,NYSE:NYT,NYT,USD,11344686849,1,11.345,9,1.26,ok,2026-09-15
sbs,KRX:034120,034120.KS,KRW,221653308300,0.00073867792,0.164,0.3,0.55,ok,2026-09-15
cj-enm,KRX:035760,035760.KQ,KRW,792257540200,0.00073867792,0.585,1,0.59,ok,2026-09-15
hybe,KRX:352820,352820.KS,KRW,7448684425000,0.00073867792,5.502,7,0.79,ok,2026-09-15
jyp-entertainment,KRX:035900,035900.KQ,KRW,1305442524600,0.00073867792,0.964,2,0.48,ok,2026-09-15
live-nation,NYSE:LYV,LYV,USD,39950226792,1,39.950,33,1.21,ok,2026-09-15
sm-entertainment,KRX:041510,041510.KQ,KRW,2014732720000,0.00073867792,1.488,2,0.74,ok,2026-09-15
studio-dragon,KRX:253450,253450.KQ,KRW,658281106200,0.00073867792,0.486,0.8,0.61,ok,2026-09-15
universal-music-group,AMS:UMG,UMG.AS,EUR,26595535055,1.1543345,30.700,48,0.64,ok,2026-09-15
warner-music-group,NASDAQ:WMG,WMG,USD,15298345633,1,15.298,16,0.96,ok,2026-09-15
yg-entertainment,KRX:122870,122870.KQ,KRW,824408727100,0.00073867792,0.609,0.8,0.76,ok,2026-09-15
cgv,KRX:079160,079160.KS,KRW,928917090090,0.00073867792,0.686,0.8,0.86,ok,2026-09-15
disney,NYSE:DIS,DIS,USD,187500924365,1,187.501,200,0.94,ok,2026-09-15
imax,NYSE:IMAX,IMAX,USD,2930214168,1,2.930,1.5,1.95,ok,2026-09-15
paramount,NASDAQ:PSKY,PSKY,USD,12165411012,1,12.165,15,0.81,ok,2026-09-15
toei-animation,TSE:4816,4816.T,JPY,639499599230,0.0064614508,4.132,2.5,1.65,ok,2026-09-15
toho,TSE:9602,9602.T,JPY,1353837928905,0.0064614508,8.748,8,1.09,ok,2026-09-15
warner-bros,NASDAQ:WBD,WBD,USD,70450542283,1,70.451,60,1.17,ok,2026-09-15
kadokawa,TSE:9468,9468.T,JPY,541274614172,0.0064614508,3.497,3,1.17,ok,2026-09-15
att,NYSE:T,T,USD,181656745150,1,181.657,190,0.96,ok,2026-09-15
china-mobile,HKG:0941,0941.HK,HKD,1715180346063,0.12750483,218.694,230,0.95,ok,2026-09-15
comcast,NASDAQ:CMCSA,CMCSA,USD,88290074958,1,88.290,120,0.74,ok,2026-09-15
deutsche-telekom,ETR:DTE,DTE.DE,EUR,138360914938,1.1543345,159.715,170,0.94,ok,2026-09-15
kt,KRX:030200,030200.KS,KRW,12549546281600,0.00073867792,9.270,10,0.93,ok,2026-09-15
lg-uplus,KRX:032640,032640.KS,KRW,6315484652160,0.00073867792,4.665,4,1.17,ok,2026-09-15
ntt,TSE:9432,9432.T,JPY,14350048662357,0.0064614508,92.722,85,1.09,ok,2026-09-15
sk-telecom,KRX:017670,017670.KS,KRW,19068777994000,0.00073867792,14.086,8,1.76,ok,2026-09-15
softbank-corp,TSE:9434,9434.T,JPY,12034964189357,0.0064614508,77.763,65,1.20,ok,2026-09-15
t-mobile,NASDAQ:TMUS,TMUS,USD,196191631471,1,196.192,270,0.73,ok,2026-09-15
verizon,NYSE:VZ,VZ,USD,213098423914,1,213.098,180,1.18,ok,2026-09-15
vodafone,LSE:VOD,VOD.L,GBp,3012431902118,0.013489269,40.636,28,1.45,ok,2026-09-15
fast-retailing,TSE:9983,9983.T,JPY,20384113524320,0.0064614508,131.711,110,1.20,ok,2026-09-15
fnf,KRX:383220,383220.KS,KRW,2518761772800,0.00073867792,1.861,2,0.93,ok,2026-09-15
gap-inc,NYSE:GAP,GAP,USD,7348571293,1,7.349,8,0.92,ok,2026-09-15
hm-group,STO:HM-B,HM-B.ST,SEK,264519006597,0.10236504,27.077,25,1.08,ok,2026-09-15
inditex,BME:ITX,ITX.MC,EUR,167338294761,1.1543345,193.164,170,1.14,ok,2026-09-15
levis,NYSE:LEVI,LEVI,USD,7785526693,1,7.786,8,0.97,ok,2026-09-15
shinsung-tongsang,KRX:005390,,,,,,0.2,,error:KeyError,2026-09-15
capri-holdings,NYSE:CPRI,CPRI,USD,1625512843,1,1.626,2.5,0.65,ok,2026-09-15
samsonite,HKG:1910,1910.HK,HKD,17129271814,0.12750483,2.184,3,0.73,ok,2026-09-15
tapestry,NYSE:TPR,TPR,USD,23510273483,1,23.510,22,1.07,ok,2026-09-15
burberry,LON:BRBY,BRBY.L,GBp,357350914512,0.013489269,4.820,5.5,0.88,ok,2026-09-15
ferragamo,BIT:SFER,SFER.MI,EUR,1391688190,1.1543345,1.606,1.1,1.46,ok,2026-09-15
hermes,EPA:RMS,RMS.PA,EUR,148104745418,1.1543345,170.962,250,0.68,ok,2026-09-15
kering,EPA:KER,KER.PA,EUR,29183167538,1.1543345,33.687,40,0.84,ok,2026-09-15
lvmh,EPA:MC,MC.PA,EUR,205788334011,1.1543345,237.549,330,0.72,ok,2026-09-15
moncler,BIT:MONC,MONC.MI,EUR,12060024495,1.1543345,13.921,16,0.87,ok,2026-09-15
prada-group,HKG:1913,1913.HK,HKD,100766491853,0.12750483,12.848,15,0.86,ok,2026-09-15
zegna-group,NYSE:ZGN,ZGN,USD,4929616731,1,4.930,2.3,2.14,ok,2026-09-15
birkenstock,NYSE:BIRK,BIRK,USD,5062769389,1,5.063,8.5,0.60,ok,2026-09-15
crocs,NASDAQ:CROX,CROX,USD,5345396309,1,5.345,4.7,1.14,ok,2026-09-15
deckers,NYSE:DECK,DECK,USD,10968086887,1,10.968,15,0.73,ok,2026-09-15
dr-martens,LON:DOCS,DOCS.L,GBp,61640733249,0.013489269,0.831,1,0.83,ok,2026-09-15
essilorluxottica,EPA:EL,EL.PA,EUR,67754213481,1.1543345,78.211,140,0.56,ok,2026-09-15
warby-parker,NYSE:WRBY,WRBY,USD,3177962955,1,3.178,2.5,1.27,ok,2026-09-15
byc,KRX:001460,001460.KS,KRW,307787127900,0.00073867792,0.227,,,ok,2026-09-15
victorias-secret,NYSE:VSCO,,,,,,3.5,,error:KeyError,2026-09-15
wacoal,TSE:3591,3591.T,JPY,199181991291,0.0064614508,1.287,1.7,0.76,ok,2026-09-15
handsome,KRX:020000,020000.KS,KRW,345350063520,0.00073867792,0.255,0.3,0.85,ok,2026-09-15
hugo-boss,ETR:BOSS,BOSS.DE,EUR,2639868388,1.1543345,3.047,3.2,0.95,ok,2026-09-15
lf,KRX:093050,093050.KS,KRW,591976630800,0.00073867792,0.437,0.3,1.46,ok,2026-09-15
pvh,NYSE:PVH,PVH,USD,3368523286,1,3.369,3.8,0.89,ok,2026-09-15
ralph-lauren,NYSE:RL,RL,USD,20343163425,1,20.343,20,1.02,ok,2026-09-15
shinsegae-international,KRX:031430,031430.KS,KRW,367803198070,0.00073867792,0.272,0.3,0.91,ok,2026-09-15
smcp,EPA:SMCP,SMCP.PA,EUR,519066201,1.1543345,0.599,0.45,1.33,ok,2026-09-15
